{
  "cardio": [
    {
      "id": "1",
      "name": "Aerobic Dance",
      "category": "Cardio",
      "bodyPart": "Full Body",
      "target": "Cardiovascular System",
      "equipment": "None",
      "difficulty": "Beginner",
      "estimatedCaloriesPerMinute": 7.18,
      "instructions": [
        "Start with feet shoulder-width apart. 2. Follow rhythmic movements combining steps, jumps, and arm movements. 3. Maintain continuous motion for duration. 4. Keep core engaged throughout."
      ],
      "tags": [
        "cardio"
      ],
      "gifUrl": ""
    },
    {
      "id": "5",
      "name": "Badminton",
      "category": "Cardio",
      "bodyPart": "Full Body",
      "target": "Cardiovascular System",
      "equipment": "Racket",
      "difficulty": "Intermediate",
      "estimatedCaloriesPerMinute": 5.25,
      "instructions": [
        "Hold racket with proper grip. 2. Move quickly around court. 3. Hit shuttlecock over net. 4. Combine footwork with arm movements."
      ],
      "tags": [
        "sport"
      ],
      "gifUrl": ""
    },
    {
      "id": "11",
      "name": "Basketball",
      "category": "Cardio",
      "bodyPart": "Full Body",
      "target": "Cardiovascular System",
      "equipment": "Basketball",
      "difficulty": "Intermediate",
      "estimatedCaloriesPerMinute": 7.44,
      "instructions": [
        "Dribble ball with fingertips. 2. Move around court with quick direction changes. 3. Include jumping, shooting, and defensive movements. 4. Maintain high intensity."
      ],
      "tags": [
        "sport"
      ],
      "gifUrl": ""
    },
    {
      "id": "12",
      "name": "Battle Ropes",
      "category": "Cardio",
      "bodyPart": "Full Body",
      "target": "Cardiovascular System",
      "equipment": "Battle Ropes",
      "difficulty": "Intermediate",
      "estimatedCaloriesPerMinute": 8.75,
      "instructions": [
        "Hold rope ends with both hands. 2. Create waves by moving arms up and down alternately. 3. Keep core engaged and knees slightly bent. 4. Maintain rhythm for duration."
      ],
      "tags": [
        "cardio"
      ],
      "gifUrl": ""
    },
    {
      "id": "15",
      "name": "Box Jumps",
      "category": "Cardio",
      "bodyPart": "Legs",
      "target": "Quadriceps",
      "equipment": "Plyo Box",
      "difficulty": "Intermediate",
      "estimatedCaloriesPerMinute": 8.75,
      "instructions": [
        "Stand facing sturdy box. 2. Swing arms and jump onto box. 3. Land softly with bent knees. 4. Step down and repeat."
      ],
      "tags": [
        "plyometric"
      ],
      "gifUrl": ""
    },
    {
      "id": "16",
      "name": "Boxing",
      "category": "Cardio",
      "bodyPart": "Full Body",
      "target": "Cardiovascular System",
      "equipment": "Gloves",
      "difficulty": "Intermediate",
      "estimatedCaloriesPerMinute": 10.5,
      "instructions": [
        "Stand in fighting stance. 2. Throw punches (jab, cross, hooks). 3. Move feet constantly. 4. Combine offense and defense."
      ],
      "tags": [
        "cardio"
      ],
      "gifUrl": ""
    },
    {
      "id": "17",
      "name": "Burpees",
      "category": "Cardio",
      "bodyPart": "Full Body",
      "target": "Cardiovascular System",
      "equipment": "None",
      "difficulty": "Intermediate",
      "estimatedCaloriesPerMinute": 8.75,
      "instructions": [
        "Start standing. 2. Drop to plank position. 3. Perform push-up. 4. Jump feet to hands and explosively jump up."
      ],
      "tags": [
        "cardio"
      ],
      "gifUrl": ""
    },
    {
      "id": "21",
      "name": "Canoeing",
      "category": "Cardio",
      "bodyPart": "Full Body",
      "target": "Cardiovascular System",
      "equipment": "Canoe",
      "difficulty": "Intermediate",
      "estimatedCaloriesPerMinute": 5.25,
      "instructions": [
        "Sit in canoe with paddle. 2. Rotate torso and pull paddle through water. 3. Alternate sides. 4. Maintain steady rhythm."
      ],
      "tags": [
        "cardio"
      ],
      "gifUrl": ""
    },
    {
      "id": "26",
      "name": "Climbing Stairs",
      "category": "Cardio",
      "bodyPart": "Legs",
      "target": "Quadriceps",
      "equipment": "Stairs",
      "difficulty": "Beginner",
      "estimatedCaloriesPerMinute": 7.44,
      "instructions": [
        "Step onto first stair. 2. Push through leg to lift body. 3. Continue alternating legs. 4. Maintain steady pace."
      ],
      "tags": [
        "cardio"
      ],
      "gifUrl": ""
    },
    {
      "id": "29",
      "name": "Cross-Country Skiing",
      "category": "Cardio",
      "bodyPart": "Full Body",
      "target": "Cardiovascular System",
      "equipment": "Skis",
      "difficulty": "Advanced",
      "estimatedCaloriesPerMinute": 12.25,
      "instructions": [
        "Slide skis in alternating pattern. 2. Use poles to propel forward. 3. Coordinate arm and leg movements. 4. Maintain gliding motion."
      ],
      "tags": [
        "cardio"
      ],
      "gifUrl": ""
    },
    {
      "id": "31",
      "name": "Cycling (Moderate)",
      "category": "Cardio",
      "bodyPart": "Legs",
      "target": "Quadriceps",
      "equipment": "Bicycle",
      "difficulty": "Beginner",
      "estimatedCaloriesPerMinute": 7.0,
      "instructions": [
        "Sit on bike with proper posture. 2. Pedal in smooth circular motion. 3. Maintain steady cadence. 4. Keep core engaged."
      ],
      "tags": [
        "cardio"
      ],
      "gifUrl": ""
    },
    {
      "id": "32",
      "name": "Cycling (Vigorous)",
      "category": "Cardio",
      "bodyPart": "Legs",
      "target": "Quadriceps",
      "equipment": "Bicycle",
      "difficulty": "Advanced",
      "estimatedCaloriesPerMinute": 12.25,
      "instructions": [
        "Sit on bike in aggressive position. 2. Pedal at high intensity. 3. Include sprints and climbs. 4. Maintain high heart rate."
      ],
      "tags": [
        "cardio"
      ],
      "gifUrl": ""
    },
    {
      "id": "33",
      "name": "Dancing (Fast)",
      "category": "Cardio",
      "bodyPart": "Full Body",
      "target": "Cardiovascular System",
      "equipment": "None",
      "difficulty": "Intermediate",
      "estimatedCaloriesPerMinute": 6.13,
      "instructions": [
        "Move to fast-paced music. 2. Incorporate jumps and dynamic movements. 3. Maintain continuous motion. 4. Let rhythm guide movements."
      ],
      "tags": [
        "cardio"
      ],
      "gifUrl": ""
    },
    {
      "id": "40",
      "name": "Elliptical Trainer",
      "category": "Cardio",
      "bodyPart": "Full Body",
      "target": "Cardiovascular System",
      "equipment": "Elliptical",
      "difficulty": "Beginner",
      "estimatedCaloriesPerMinute": 6.13,
      "instructions": [
        "Place feet on pedals. 2. Hold handles. 3. Move in smooth elliptical motion. 4. Coordinate arms and legs."
      ],
      "tags": [
        "cardio"
      ],
      "gifUrl": ""
    },
    {
      "id": "44",
      "name": "Football (American)",
      "category": "Cardio",
      "bodyPart": "Full Body",
      "target": "Cardiovascular System",
      "equipment": "Football",
      "difficulty": "Advanced",
      "estimatedCaloriesPerMinute": 8.75,
      "instructions": [
        "Perform explosive movements. 2. Include sprints and direction changes. 3. Engage in physical contact play. 4. Maintain high intensity."
      ],
      "tags": [
        "sport"
      ],
      "gifUrl": ""
    },
    {
      "id": "48",
      "name": "Golf",
      "category": "Cardio",
      "bodyPart": "Full Body",
      "target": "Cardiovascular System",
      "equipment": "Golf Clubs",
      "difficulty": "Beginner",
      "estimatedCaloriesPerMinute": 4.38,
      "instructions": [
        "Walk between holes carrying clubs. 2. Swing club with rotation. 3. Maintain walking pace. 4. Include bending to place ball."
      ],
      "tags": [
        "sport"
      ],
      "gifUrl": ""
    },
    {
      "id": "54",
      "name": "High Knees",
      "category": "Cardio",
      "bodyPart": "Legs",
      "target": "Hip Flexors",
      "equipment": "None",
      "difficulty": "Beginner",
      "estimatedCaloriesPerMinute": 8.75,
      "instructions": [
        "Stand in place. 2. Run lifting knees to hip height. 3. Pump arms. 4. Maintain quick pace."
      ],
      "tags": [
        "cardio"
      ],
      "gifUrl": ""
    },
    {
      "id": "55",
      "name": "Hiking (Uphill)",
      "category": "Cardio",
      "bodyPart": "Legs",
      "target": "Quadriceps",
      "equipment": "None",
      "difficulty": "Intermediate",
      "estimatedCaloriesPerMinute": 7.0,
      "instructions": [
        "Walk on inclined terrain. 2. Use full foot placement. 3. Maintain steady breathing. 4. Use arms for balance."
      ],
      "tags": [
        "cardio"
      ],
      "gifUrl": ""
    },
    {
      "id": "57",
      "name": "Ice Skating",
      "category": "Cardio",
      "bodyPart": "Legs",
      "target": "Quadriceps",
      "equipment": "Ice Skates",
      "difficulty": "Intermediate",
      "estimatedCaloriesPerMinute": 6.13,
      "instructions": [
        "Glide on ice with alternating legs. 2. Push off with each stride. 3. Maintain balance. 4. Include turns and stops."
      ],
      "tags": [
        "cardio"
      ],
      "gifUrl": ""
    },
    {
      "id": "60",
      "name": "Indoor Rowing",
      "category": "Cardio",
      "bodyPart": "Full Body",
      "target": "Cardiovascular System",
      "equipment": "Rowing Machine",
      "difficulty": "Intermediate",
      "estimatedCaloriesPerMinute": 7.0,
      "instructions": [
        "Sit with feet strapped in. 2. Pull handle to chest while legs extend. 3. Return arms first, then bend knees. 4. Maintain smooth rhythm."
      ],
      "tags": [
        "cardio"
      ],
      "gifUrl": ""
    },
    {
      "id": "63",
      "name": "Jump Rope",
      "category": "Cardio",
      "bodyPart": "Full Body",
      "target": "Cardiovascular System",
      "equipment": "Jump Rope",
      "difficulty": "Intermediate",
      "estimatedCaloriesPerMinute": 11.38,
      "instructions": [
        "Hold rope handles. 2. Swing rope over head. 3. Jump as rope passes under feet. 4. Land softly on balls of feet."
      ],
      "tags": [
        "cardio"
      ],
      "gifUrl": ""
    },
    {
      "id": "64",
      "name": "Jump Squats",
      "category": "Cardio",
      "bodyPart": "Legs",
      "target": "Quadriceps",
      "equipment": "None",
      "difficulty": "Intermediate",
      "estimatedCaloriesPerMinute": 8.75,
      "instructions": [
        "Start in squat position. 2. Explode upward jumping. 3. Land softly. 4. Immediately go into next squat."
      ],
      "tags": [
        "plyometric"
      ],
      "gifUrl": ""
    },
    {
      "id": "65",
      "name": "Jumping Jacks",
      "category": "Cardio",
      "bodyPart": "Full Body",
      "target": "Cardiovascular System",
      "equipment": "None",
      "difficulty": "Beginner",
      "estimatedCaloriesPerMinute": 7.44,
      "instructions": [
        "Start with feet together, arms at sides. 2. Jump feet apart while raising arms overhead. 3. Jump back to start. 4. Maintain rhythm."
      ],
      "tags": [
        "cardio"
      ],
      "gifUrl": ""
    },
    {
      "id": "66",
      "name": "Kayaking",
      "category": "Cardio",
      "bodyPart": "Full Body",
      "target": "Cardiovascular System",
      "equipment": "Kayak",
      "difficulty": "Intermediate",
      "estimatedCaloriesPerMinute": 4.38,
      "instructions": [
        "Sit in kayak with paddle. 2. Rotate torso and pull paddle. 3. Alternate sides in rhythm. 4. Maintain forward momentum."
      ],
      "tags": [
        "cardio"
      ],
      "gifUrl": ""
    },
    {
      "id": "68",
      "name": "Kettlebell Swings",
      "category": "Cardio",
      "bodyPart": "Full Body",
      "target": "Glutes",
      "equipment": "Kettlebell",
      "difficulty": "Intermediate",
      "estimatedCaloriesPerMinute": 8.75,
      "instructions": [
        "Stand with kettlebell between feet. 2. Hinge and swing kettlebell back. 3. Thrust hips forward to swing kettlebell up. 4. Let gravity bring it down."
      ],
      "tags": [
        "cardio"
      ],
      "gifUrl": ""
    },
    {
      "id": "69",
      "name": "Kickboxing",
      "category": "Cardio",
      "bodyPart": "Full Body",
      "target": "Cardiovascular System",
      "equipment": "None",
      "difficulty": "Intermediate",
      "estimatedCaloriesPerMinute": 10.5,
      "instructions": [
        "Stand in fighting stance. 2. Throw punches and kicks in combinations. 3. Move feet constantly. 4. Maintain high intensity."
      ],
      "tags": [
        "cardio"
      ],
      "gifUrl": ""
    },
    {
      "id": "78",
      "name": "Medicine Ball Slams",
      "category": "Cardio",
      "bodyPart": "Full Body",
      "target": "Core",
      "equipment": "Medicine Ball",
      "difficulty": "Intermediate",
      "estimatedCaloriesPerMinute": 8.75,
      "instructions": [
        "Hold medicine ball overhead. 2. Slam ball down forcefully. 3. Catch on bounce. 4. Repeat with power."
      ],
      "tags": [
        "cardio"
      ],
      "gifUrl": ""
    },
    {
      "id": "79",
      "name": "Mountain Climbers",
      "category": "Cardio",
      "bodyPart": "Full Body",
      "target": "Core",
      "equipment": "None",
      "difficulty": "Intermediate",
      "estimatedCaloriesPerMinute": 8.75,
      "instructions": [
        "Start in plank position. 2. Drive one knee to chest. 3. Quickly switch legs. 4. Maintain plank position."
      ],
      "tags": [
        "cardio"
      ],
      "gifUrl": ""
    },
    {
      "id": "90",
      "name": "Racquetball",
      "category": "Cardio",
      "bodyPart": "Full Body",
      "target": "Cardiovascular System",
      "equipment": "Racquet",
      "difficulty": "Intermediate",
      "estimatedCaloriesPerMinute": 6.13,
      "instructions": [
        "Move quickly around court. 2. Hit ball against wall. 3. Include lunging and reaching. 4. Maintain high activity."
      ],
      "tags": [
        "sport"
      ],
      "gifUrl": ""
    },
    {
      "id": "96",
      "name": "Rowing (Vigorous)",
      "category": "Cardio",
      "bodyPart": "Full Body",
      "target": "Cardiovascular System",
      "equipment": "Rowing Machine",
      "difficulty": "Advanced",
      "estimatedCaloriesPerMinute": 10.5,
      "instructions": [
        "Sit with feet strapped. 2. Pull handle explosively. 3. Drive with legs then arms. 4. Maintain high stroke rate."
      ],
      "tags": [
        "cardio"
      ],
      "gifUrl": ""
    },
    {
      "id": "97",
      "name": "Running (6 mph)",
      "category": "Cardio",
      "bodyPart": "Legs",
      "target": "Cardiovascular System",
      "equipment": "None",
      "difficulty": "Intermediate",
      "estimatedCaloriesPerMinute": 8.75,
      "instructions": [
        "Maintain upright posture. 2. Land midfoot. 3. Pump arms. 4. Keep steady pace."
      ],
      "tags": [
        "cardio"
      ],
      "gifUrl": ""
    },
    {
      "id": "98",
      "name": "Running (8 mph)",
      "category": "Cardio",
      "bodyPart": "Legs",
      "target": "Cardiovascular System",
      "equipment": "None",
      "difficulty": "Advanced",
      "estimatedCaloriesPerMinute": 11.38,
      "instructions": [
        "Maintain forward lean. 2. Quick foot turnover. 3. Powerful arm drive. 4. Sustain fast pace."
      ],
      "tags": [
        "cardio"
      ],
      "gifUrl": ""
    },
    {
      "id": "100",
      "name": "Shadow Boxing",
      "category": "Cardio",
      "bodyPart": "Full Body",
      "target": "Cardiovascular System",
      "equipment": "None",
      "difficulty": "Intermediate",
      "estimatedCaloriesPerMinute": 7.44,
      "instructions": [
        "Stand in fighting stance. 2. Throw punches in combinations. 3. Move feet and body. 4. Visualize opponent."
      ],
      "tags": [
        "cardio"
      ],
      "gifUrl": ""
    },
    {
      "id": "105",
      "name": "Skateboarding",
      "category": "Cardio",
      "bodyPart": "Legs",
      "target": "Quadriceps",
      "equipment": "Skateboard",
      "difficulty": "Intermediate",
      "estimatedCaloriesPerMinute": 4.38,
      "instructions": [
        "Push off with one foot. 2. Balance on board. 3. Steer by shifting weight. 4. Include tricks if skilled."
      ],
      "tags": [
        "cardio"
      ],
      "gifUrl": ""
    },
    {
      "id": "106",
      "name": "Skiing (Downhill)",
      "category": "Cardio",
      "bodyPart": "Legs",
      "target": "Quadriceps",
      "equipment": "Skis",
      "difficulty": "Advanced",
      "estimatedCaloriesPerMinute": 5.25,
      "instructions": [
        "Position in athletic stance. 2. Turn by shifting weight. 3. Maintain balance. 4. Control speed with edges."
      ],
      "tags": [
        "cardio"
      ],
      "gifUrl": ""
    },
    {
      "id": "109",
      "name": "Soccer",
      "category": "Cardio",
      "bodyPart": "Full Body",
      "target": "Cardiovascular System",
      "equipment": "Soccer Ball",
      "difficulty": "Intermediate",
      "estimatedCaloriesPerMinute": 8.75,
      "instructions": [
        "Run continuously around field. 2. Dribble and pass ball. 3. Include sprints and direction changes. 4. Maintain high activity."
      ],
      "tags": [
        "sport"
      ],
      "gifUrl": ""
    },
    {
      "id": "110",
      "name": "Spinning (Indoor Cycling)",
      "category": "Cardio",
      "bodyPart": "Legs",
      "target": "Quadriceps",
      "equipment": "Stationary Bike",
      "difficulty": "Intermediate",
      "estimatedCaloriesPerMinute": 10.5,
      "instructions": [
        "Sit on bike with proper form. 2. Pedal at high intensity. 3. Include intervals and climbs. 4. Follow instructor cues."
      ],
      "tags": [
        "cardio"
      ],
      "gifUrl": ""
    },
    {
      "id": "112",
      "name": "Sprinting",
      "category": "Cardio",
      "bodyPart": "Legs",
      "target": "Cardiovascular System",
      "equipment": "None",
      "difficulty": "Advanced",
      "estimatedCaloriesPerMinute": 14.0,
      "instructions": [
        "Explode from start. 2. Drive knees high. 3. Pump arms powerfully. 4. Maximum effort running."
      ],
      "tags": [
        "cardio"
      ],
      "gifUrl": ""
    },
    {
      "id": "113",
      "name": "Squat Jumps",
      "category": "Cardio",
      "bodyPart": "Legs",
      "target": "Quadriceps",
      "equipment": "None",
      "difficulty": "Intermediate",
      "estimatedCaloriesPerMinute": 8.75,
      "instructions": [
        "Lower into squat. 2. Explode upward jumping. 3. Land softly in squat. 4. Repeat immediately."
      ],
      "tags": [
        "plyometric"
      ],
      "gifUrl": ""
    },
    {
      "id": "114",
      "name": "Stair Stepper",
      "category": "Cardio",
      "bodyPart": "Legs",
      "target": "Quadriceps",
      "equipment": "Machine",
      "difficulty": "Beginner",
      "estimatedCaloriesPerMinute": 7.0,
      "instructions": [
        "Step on pedals. 2. Alternate stepping motion. 3. Maintain upright posture. 4. Keep steady pace."
      ],
      "tags": [
        "cardio"
      ],
      "gifUrl": ""
    },
    {
      "id": "120",
      "name": "Swimming (Freestyle Moderate)",
      "category": "Cardio",
      "bodyPart": "Full Body",
      "target": "Cardiovascular System",
      "equipment": "None",
      "difficulty": "Intermediate",
      "estimatedCaloriesPerMinute": 7.0,
      "instructions": [
        "Stroke with alternating arms. 2. Kick legs in flutter motion. 3. Turn head to breathe. 4. Maintain steady pace."
      ],
      "tags": [
        "cardio"
      ],
      "gifUrl": ""
    },
    {
      "id": "121",
      "name": "Swimming (Freestyle Vigorous)",
      "category": "Cardio",
      "bodyPart": "Full Body",
      "target": "Cardiovascular System",
      "equipment": "None",
      "difficulty": "Advanced",
      "estimatedCaloriesPerMinute": 10.5,
      "instructions": [
        "Stroke powerfully. 2. Kick aggressively. 3. Minimize breathing. 4. Maintain high speed."
      ],
      "tags": [
        "cardio"
      ],
      "gifUrl": ""
    },
    {
      "id": "123",
      "name": "Tennis",
      "category": "Cardio",
      "bodyPart": "Full Body",
      "target": "Cardiovascular System",
      "equipment": "Racket",
      "difficulty": "Intermediate",
      "estimatedCaloriesPerMinute": 7.0,
      "instructions": [
        "Move around court quickly. 2. Hit ball with forehand and backhand. 3. Include running and lateral movements. 4. Maintain rally."
      ],
      "tags": [
        "sport"
      ],
      "gifUrl": ""
    },
    {
      "id": "125",
      "name": "Treadmill Running (5 mph)",
      "category": "Cardio",
      "bodyPart": "Legs",
      "target": "Cardiovascular System",
      "equipment": "Treadmill",
      "difficulty": "Beginner",
      "estimatedCaloriesPerMinute": 7.44,
      "instructions": [
        "Set moderate pace. 2. Maintain upright posture. 3. Land midfoot. 4. Keep steady breathing."
      ],
      "tags": [
        "cardio"
      ],
      "gifUrl": ""
    },
    {
      "id": "130",
      "name": "Volleyball",
      "category": "Cardio",
      "bodyPart": "Full Body",
      "target": "Cardiovascular System",
      "equipment": "Volleyball",
      "difficulty": "Intermediate",
      "estimatedCaloriesPerMinute": 3.5,
      "instructions": [
        "Move around court. 2. Jump to spike and block. 3. Dive and lunge for ball. 4. Maintain active play."
      ],
      "tags": [
        "sport"
      ],
      "gifUrl": ""
    },
    {
      "id": "131",
      "name": "Walking (3 mph)",
      "category": "Cardio",
      "bodyPart": "Legs",
      "target": "Cardiovascular System",
      "equipment": "None",
      "difficulty": "Beginner",
      "estimatedCaloriesPerMinute": 3.15,
      "instructions": [
        "Step heel to toe. 2. Swing arms naturally. 3. Maintain upright posture. 4. Keep steady pace."
      ],
      "tags": [
        "cardio"
      ],
      "gifUrl": ""
    },
    {
      "id": "132",
      "name": "Walking (4 mph)",
      "category": "Cardio",
      "bodyPart": "Legs",
      "target": "Cardiovascular System",
      "equipment": "None",
      "difficulty": "Intermediate",
      "estimatedCaloriesPerMinute": 4.38,
      "instructions": [
        "Walk at brisk pace. 2. Pump arms more vigorously. 3. Take longer strides. 4. Increase heart rate."
      ],
      "tags": [
        "cardio"
      ],
      "gifUrl": ""
    },
    {
      "id": "133",
      "name": "Wall Balls",
      "category": "Cardio",
      "bodyPart": "Full Body",
      "target": "Quadriceps",
      "equipment": "Medicine Ball",
      "difficulty": "Intermediate",
      "estimatedCaloriesPerMinute": 8.75,
      "instructions": [
        "Hold medicine ball at chest. 2. Squat down. 3. Explode up throwing ball to target. 4. Catch and repeat."
      ],
      "tags": [
        "full-body"
      ],
      "gifUrl": ""
    },
    {
      "id": "135",
      "name": "Water Aerobics",
      "category": "Cardio",
      "bodyPart": "Full Body",
      "target": "Cardiovascular System",
      "equipment": "None",
      "difficulty": "Beginner",
      "estimatedCaloriesPerMinute": 4.38,
      "instructions": [
        "Move through water with various exercises. 2. Use water resistance. 3. Include jumping and reaching. 4. Maintain continuous motion."
      ],
      "tags": [
        "cardio"
      ],
      "gifUrl": ""
    },
    {
      "id": "140",
      "name": "Yoga (Hatha)",
      "category": "Cardio",
      "bodyPart": "Full Body",
      "target": "Full Body",
      "equipment": "None",
      "difficulty": "Beginner",
      "estimatedCaloriesPerMinute": 2.45,
      "instructions": [
        "Move through various poses. 2. Focus on breathing. 3. Hold poses for duration. 4. Transition smoothly."
      ],
      "tags": [
        "yoga"
      ],
      "gifUrl": ""
    },
    {
      "id": "141",
      "name": "Yoga (Power/Vinyasa)",
      "category": "Cardio",
      "bodyPart": "Full Body",
      "target": "Full Body",
      "equipment": "None",
      "difficulty": "Intermediate",
      "estimatedCaloriesPerMinute": 3.5,
      "instructions": [
        "Flow through dynamic sequences. 2. Coordinate breath with movement. 3. Hold challenging poses. 4. Maintain continuous flow."
      ],
      "tags": [
        "yoga"
      ],
      "gifUrl": ""
    },
    {
      "id": "142",
      "name": "Zumba",
      "category": "Cardio",
      "bodyPart": "Full Body",
      "target": "Cardiovascular System",
      "equipment": "None",
      "difficulty": "Intermediate",
      "estimatedCaloriesPerMinute": 7.44,
      "instructions": [
        "Follow dance choreography. 2. Move to Latin music rhythms. 3. Include jumps and turns. 4. Maintain high energy."
      ],
      "tags": [
        "cardio"
      ],
      "gifUrl": ""
    }
  ],
  "strength": [
    {
      "id": "2",
      "name": "Air Squats",
      "category": "Strength",
      "bodyPart": "Legs",
      "target": "Quadriceps",
      "equipment": "None",
      "difficulty": "Beginner",
      "estimatedCaloriesPerMinute": 5.25,
      "instructions": [
        "Stand with feet shoulder-width apart. 2. Lower hips back and down as if sitting. 3. Keep chest up and knees behind toes. 4. Push through heels to return to start."
      ],
      "tags": [
        "bodyweight"
      ],
      "gifUrl": ""
    },
    {
      "id": "3",
      "name": "Arnold Press",
      "category": "Strength",
      "bodyPart": "Shoulders",
      "target": "Deltoids",
      "equipment": "Dumbbells",
      "difficulty": "Intermediate",
      "estimatedCaloriesPerMinute": 6.13,
      "instructions": [
        "Sit with dumbbells at shoulder height, palms facing you. 2. Press up while rotating palms forward. 3. Extend arms fully overhead. 4. Reverse motion to return."
      ],
      "tags": [
        "shoulders"
      ],
      "gifUrl": ""
    },
    {
      "id": "4",
      "name": "Back Extensions",
      "category": "Strength",
      "bodyPart": "Back",
      "target": "Erector Spinae",
      "equipment": "Bench",
      "difficulty": "Beginner",
      "estimatedCaloriesPerMinute": 3.5,
      "instructions": [
        "Lie face down on extension bench. 2. Cross arms over chest. 3. Lower torso down slowly. 4. Raise back up to neutral spine position."
      ],
      "tags": [
        "back"
      ],
      "gifUrl": ""
    },
    {
      "id": "6",
      "name": "Barbell Back Squat",
      "category": "Strength",
      "bodyPart": "Legs",
      "target": "Quadriceps",
      "equipment": "Barbell",
      "difficulty": "Advanced",
      "estimatedCaloriesPerMinute": 6.13,
      "instructions": [
        "Position barbell on upper back. 2. Stand with feet shoulder-width apart. 3. Lower down keeping chest up. 4. Drive through heels to stand."
      ],
      "tags": [
        "legs"
      ],
      "gifUrl": ""
    },
    {
      "id": "7",
      "name": "Barbell Bench Press",
      "category": "Strength",
      "bodyPart": "Chest",
      "target": "Pectorals",
      "equipment": "Barbell",
      "difficulty": "Intermediate",
      "estimatedCaloriesPerMinute": 6.13,
      "instructions": [
        "Lie on bench with feet flat. 2. Grip barbell slightly wider than shoulders. 3. Lower bar to chest. 4. Press up to full extension."
      ],
      "tags": [
        "chest"
      ],
      "gifUrl": ""
    },
    {
      "id": "8",
      "name": "Barbell Curl",
      "category": "Strength",
      "bodyPart": "Arms",
      "target": "Biceps",
      "equipment": "Barbell",
      "difficulty": "Beginner",
      "estimatedCaloriesPerMinute": 6.13,
      "instructions": [
        "Stand holding barbell with underhand grip. 2. Keep elbows close to sides. 3. Curl bar up to shoulders. 4. Lower with control."
      ],
      "tags": [
        "arms"
      ],
      "gifUrl": ""
    },
    {
      "id": "9",
      "name": "Barbell Deadlift",
      "category": "Strength",
      "bodyPart": "Back",
      "target": "Erector Spinae",
      "equipment": "Barbell",
      "difficulty": "Advanced",
      "estimatedCaloriesPerMinute": 6.13,
      "instructions": [
        "Stand with feet hip-width, bar over midfoot. 2. Grip bar outside legs. 3. Lift by extending hips and knees. 4. Lower with control."
      ],
      "tags": [
        "back"
      ],
      "gifUrl": ""
    },
    {
      "id": "10",
      "name": "Barbell Row",
      "category": "Strength",
      "bodyPart": "Back",
      "target": "Latissimus Dorsi",
      "equipment": "Barbell",
      "difficulty": "Intermediate",
      "estimatedCaloriesPerMinute": 6.13,
      "instructions": [
        "Bend forward at hips with flat back. 2. Grip barbell with hands shoulder-width. 3. Pull bar to lower chest. 4. Lower with control."
      ],
      "tags": [
        "back"
      ],
      "gifUrl": ""
    },
    {
      "id": "13",
      "name": "Bench Dips",
      "category": "Strength",
      "bodyPart": "Arms",
      "target": "Triceps",
      "equipment": "Bench",
      "difficulty": "Beginner",
      "estimatedCaloriesPerMinute": 3.5,
      "instructions": [
        "Place hands on bench behind you. 2. Extend legs forward. 3. Lower body by bending elbows. 4. Push back up to start."
      ],
      "tags": [
        "arms"
      ],
      "gifUrl": ""
    },
    {
      "id": "14",
      "name": "Bicycle Crunches",
      "category": "Strength",
      "bodyPart": "Core",
      "target": "Obliques",
      "equipment": "None",
      "difficulty": "Beginner",
      "estimatedCaloriesPerMinute": 3.5,
      "instructions": [
        "Lie on back with hands behind head. 2. Bring opposite elbow to opposite knee. 3. Extend other leg straight. 4. Alternate sides in pedaling motion."
      ],
      "tags": [
        "core"
      ],
      "gifUrl": ""
    },
    {
      "id": "18",
      "name": "Cable Chest Fly",
      "category": "Strength",
      "bodyPart": "Chest",
      "target": "Pectorals",
      "equipment": "Cable Machine",
      "difficulty": "Intermediate",
      "estimatedCaloriesPerMinute": 6.13,
      "instructions": [
        "Stand between cable towers. 2. Hold handles with arms extended. 3. Bring hands together in arc motion. 4. Return with control."
      ],
      "tags": [
        "chest"
      ],
      "gifUrl": ""
    },
    {
      "id": "19",
      "name": "Cable Tricep Pushdown",
      "category": "Strength",
      "bodyPart": "Arms",
      "target": "Triceps",
      "equipment": "Cable Machine",
      "difficulty": "Beginner",
      "estimatedCaloriesPerMinute": 6.13,
      "instructions": [
        "Face cable machine with high pulley. 2. Grip bar with overhand grip. 3. Push bar down by extending elbows. 4. Return with control."
      ],
      "tags": [
        "arms"
      ],
      "gifUrl": ""
    },
    {
      "id": "20",
      "name": "Calf Raises",
      "category": "Strength",
      "bodyPart": "Legs",
      "target": "Calves",
      "equipment": "None",
      "difficulty": "Beginner",
      "estimatedCaloriesPerMinute": 2.8,
      "instructions": [
        "Stand with feet hip-width apart. 2. Rise up on toes as high as possible. 3. Hold briefly. 4. Lower with control."
      ],
      "tags": [
        "legs"
      ],
      "gifUrl": ""
    },
    {
      "id": "22",
      "name": "Chair Pose (Yoga)",
      "category": "Strength",
      "bodyPart": "Legs",
      "target": "Quadriceps",
      "equipment": "None",
      "difficulty": "Beginner",
      "estimatedCaloriesPerMinute": 3.5,
      "instructions": [
        "Stand with feet together. 2. Bend knees and lower hips as if sitting. 3. Raise arms overhead. 4. Hold position maintaining balance."
      ],
      "tags": [
        "yoga"
      ],
      "gifUrl": ""
    },
    {
      "id": "23",
      "name": "Chest Press Machine",
      "category": "Strength",
      "bodyPart": "Chest",
      "target": "Pectorals",
      "equipment": "Machine",
      "difficulty": "Beginner",
      "estimatedCaloriesPerMinute": 6.13,
      "instructions": [
        "Sit with back against pad. 2. Grip handles at chest level. 3. Push handles forward to full extension. 4. Return with control."
      ],
      "tags": [
        "chest"
      ],
      "gifUrl": ""
    },
    {
      "id": "24",
      "name": "Chin-Ups",
      "category": "Strength",
      "bodyPart": "Back",
      "target": "Latissimus Dorsi",
      "equipment": "Pull-up Bar",
      "difficulty": "Advanced",
      "estimatedCaloriesPerMinute": 8.75,
      "instructions": [
        "Hang from bar with underhand grip. 2. Pull body up until chin over bar. 3. Lower with control. 4. Repeat."
      ],
      "tags": [
        "back"
      ],
      "gifUrl": ""
    },
    {
      "id": "25",
      "name": "Clean and Press",
      "category": "Strength",
      "bodyPart": "Full Body",
      "target": "Full Body",
      "equipment": "Barbell",
      "difficulty": "Advanced",
      "estimatedCaloriesPerMinute": 6.13,
      "instructions": [
        "Deadlift barbell to hips. 2. Pull bar explosively to shoulders. 3. Dip and drive bar overhead. 4. Lower to start position."
      ],
      "tags": [
        "full-body"
      ],
      "gifUrl": ""
    },
    {
      "id": "27",
      "name": "Close-Grip Bench Press",
      "category": "Strength",
      "bodyPart": "Arms",
      "target": "Triceps",
      "equipment": "Barbell",
      "difficulty": "Intermediate",
      "estimatedCaloriesPerMinute": 6.13,
      "instructions": [
        "Lie on bench with hands closer than shoulder-width. 2. Lower bar to lower chest. 3. Press up focusing on triceps. 4. Maintain elbow position."
      ],
      "tags": [
        "triceps"
      ],
      "gifUrl": ""
    },
    {
      "id": "28",
      "name": "Concentration Curl",
      "category": "Strength",
      "bodyPart": "Arms",
      "target": "Biceps",
      "equipment": "Dumbbell",
      "difficulty": "Beginner",
      "estimatedCaloriesPerMinute": 6.13,
      "instructions": [
        "Sit with elbow braced against inner thigh. 2. Curl dumbbell up to shoulder. 3. Squeeze bicep at top. 4. Lower with control."
      ],
      "tags": [
        "biceps"
      ],
      "gifUrl": ""
    },
    {
      "id": "30",
      "name": "Crossover Crunch",
      "category": "Strength",
      "bodyPart": "Core",
      "target": "Obliques",
      "equipment": "None",
      "difficulty": "Beginner",
      "estimatedCaloriesPerMinute": 3.5,
      "instructions": [
        "Lie on back with hands behind head. 2. Bring right elbow to left knee. 3. Return to start. 4. Alternate sides."
      ],
      "tags": [
        "core"
      ],
      "gifUrl": ""
    },
    {
      "id": "34",
      "name": "Decline Bench Press",
      "category": "Strength",
      "bodyPart": "Chest",
      "target": "Pectorals",
      "equipment": "Barbell",
      "difficulty": "Intermediate",
      "estimatedCaloriesPerMinute": 6.13,
      "instructions": [
        "Lie on decline bench. 2. Grip barbell slightly wider than shoulders. 3. Lower to lower chest. 4. Press up to extension."
      ],
      "tags": [
        "chest"
      ],
      "gifUrl": ""
    },
    {
      "id": "35",
      "name": "Diamond Push-Ups",
      "category": "Strength",
      "bodyPart": "Arms",
      "target": "Triceps",
      "equipment": "None",
      "difficulty": "Intermediate",
      "estimatedCaloriesPerMinute": 8.75,
      "instructions": [
        "Start in plank with hands forming diamond shape. 2. Lower chest to hands. 3. Keep elbows close to body. 4. Push back up."
      ],
      "tags": [
        "triceps"
      ],
      "gifUrl": ""
    },
    {
      "id": "36",
      "name": "Dumbbell Bench Press",
      "category": "Strength",
      "bodyPart": "Chest",
      "target": "Pectorals",
      "equipment": "Dumbbells",
      "difficulty": "Intermediate",
      "estimatedCaloriesPerMinute": 6.13,
      "instructions": [
        "Lie on bench with dumbbells at chest. 2. Press dumbbells up until arms extended. 3. Lower with control. 4. Keep movement smooth."
      ],
      "tags": [
        "chest"
      ],
      "gifUrl": ""
    },
    {
      "id": "37",
      "name": "Dumbbell Flyes",
      "category": "Strength",
      "bodyPart": "Chest",
      "target": "Pectorals",
      "equipment": "Dumbbells",
      "difficulty": "Intermediate",
      "estimatedCaloriesPerMinute": 6.13,
      "instructions": [
        "Lie on bench with dumbbells above chest. 2. Lower arms in wide arc. 3. Feel stretch in chest. 4. Bring back to start."
      ],
      "tags": [
        "chest"
      ],
      "gifUrl": ""
    },
    {
      "id": "38",
      "name": "Dumbbell Lunges",
      "category": "Strength",
      "bodyPart": "Legs",
      "target": "Quadriceps",
      "equipment": "Dumbbells",
      "difficulty": "Intermediate",
      "estimatedCaloriesPerMinute": 6.13,
      "instructions": [
        "Hold dumbbells at sides. 2. Step forward into lunge. 3. Lower back knee toward ground. 4. Push back to start."
      ],
      "tags": [
        "legs"
      ],
      "gifUrl": ""
    },
    {
      "id": "39",
      "name": "Dumbbell Shoulder Press",
      "category": "Strength",
      "bodyPart": "Shoulders",
      "target": "Deltoids",
      "equipment": "Dumbbells",
      "difficulty": "Intermediate",
      "estimatedCaloriesPerMinute": 6.13,
      "instructions": [
        "Sit with dumbbells at shoulders. 2. Press up to full extension. 3. Lower with control. 4. Keep core engaged."
      ],
      "tags": [
        "shoulders"
      ],
      "gifUrl": ""
    },
    {
      "id": "41",
      "name": "Face Pulls",
      "category": "Strength",
      "bodyPart": "Shoulders",
      "target": "Rear Deltoids",
      "equipment": "Cable Machine",
      "difficulty": "Intermediate",
      "estimatedCaloriesPerMinute": 6.13,
      "instructions": [
        "Face cable machine at upper height. 2. Pull rope toward face. 3. Separate hands at end. 4. Return with control."
      ],
      "tags": [
        "shoulders"
      ],
      "gifUrl": ""
    },
    {
      "id": "42",
      "name": "Farmer's Walk",
      "category": "Strength",
      "bodyPart": "Full Body",
      "target": "Grip",
      "equipment": "Dumbbells",
      "difficulty": "Intermediate",
      "estimatedCaloriesPerMinute": 6.13,
      "instructions": [
        "Hold heavy dumbbells at sides. 2. Walk forward with upright posture. 3. Keep core tight. 4. Take controlled steps."
      ],
      "tags": [
        "full-body"
      ],
      "gifUrl": ""
    },
    {
      "id": "43",
      "name": "Flutter Kicks",
      "category": "Strength",
      "bodyPart": "Core",
      "target": "Hip Flexors",
      "equipment": "None",
      "difficulty": "Beginner",
      "estimatedCaloriesPerMinute": 3.5,
      "instructions": [
        "Lie on back with legs extended. 2. Lift legs slightly off ground. 3. Alternate kicking legs up and down. 4. Keep lower back pressed down."
      ],
      "tags": [
        "core"
      ],
      "gifUrl": ""
    },
    {
      "id": "45",
      "name": "Front Raises",
      "category": "Strength",
      "bodyPart": "Shoulders",
      "target": "Anterior Deltoids",
      "equipment": "Dumbbells",
      "difficulty": "Beginner",
      "estimatedCaloriesPerMinute": 6.13,
      "instructions": [
        "Hold dumbbells in front of thighs. 2. Raise arms forward to shoulder height. 3. Keep slight bend in elbows. 4. Lower with control."
      ],
      "tags": [
        "shoulders"
      ],
      "gifUrl": ""
    },
    {
      "id": "46",
      "name": "Front Squats",
      "category": "Strength",
      "bodyPart": "Legs",
      "target": "Quadriceps",
      "equipment": "Barbell",
      "difficulty": "Advanced",
      "estimatedCaloriesPerMinute": 6.13,
      "instructions": [
        "Rest barbell on front shoulders. 2. Cross arms to secure bar. 3. Squat down keeping chest up. 4. Drive through heels to stand."
      ],
      "tags": [
        "legs"
      ],
      "gifUrl": ""
    },
    {
      "id": "47",
      "name": "Goblet Squats",
      "category": "Strength",
      "bodyPart": "Legs",
      "target": "Quadriceps",
      "equipment": "Dumbbell",
      "difficulty": "Beginner",
      "estimatedCaloriesPerMinute": 6.13,
      "instructions": [
        "Hold dumbbell at chest with both hands. 2. Squat down keeping elbows inside knees. 3. Keep chest up. 4. Stand back up."
      ],
      "tags": [
        "legs"
      ],
      "gifUrl": ""
    },
    {
      "id": "49",
      "name": "Good Mornings",
      "category": "Strength",
      "bodyPart": "Back",
      "target": "Hamstrings",
      "equipment": "Barbell",
      "difficulty": "Intermediate",
      "estimatedCaloriesPerMinute": 6.13,
      "instructions": [
        "Place barbell on upper back. 2. Hinge forward at hips. 3. Keep back flat and legs mostly straight. 4. Return to standing."
      ],
      "tags": [
        "back"
      ],
      "gifUrl": ""
    },
    {
      "id": "50",
      "name": "Hack Squats",
      "category": "Strength",
      "bodyPart": "Legs",
      "target": "Quadriceps",
      "equipment": "Machine",
      "difficulty": "Intermediate",
      "estimatedCaloriesPerMinute": 6.13,
      "instructions": [
        "Position shoulders under pads. 2. Place feet on platform. 3. Lower body by bending knees. 4. Push up through heels."
      ],
      "tags": [
        "legs"
      ],
      "gifUrl": ""
    },
    {
      "id": "51",
      "name": "Hammer Curls",
      "category": "Strength",
      "bodyPart": "Arms",
      "target": "Biceps",
      "equipment": "Dumbbells",
      "difficulty": "Beginner",
      "estimatedCaloriesPerMinute": 6.13,
      "instructions": [
        "Hold dumbbells with neutral grip. 2. Curl up keeping palms facing each other. 3. Squeeze at top. 4. Lower with control."
      ],
      "tags": [
        "biceps"
      ],
      "gifUrl": ""
    },
    {
      "id": "52",
      "name": "Handstand Push-Ups",
      "category": "Strength",
      "bodyPart": "Shoulders",
      "target": "Deltoids",
      "equipment": "None",
      "difficulty": "Advanced",
      "estimatedCaloriesPerMinute": 8.75,
      "instructions": [
        "Kick up into handstand against wall. 2. Lower head toward ground. 3. Press back up to full extension. 4. Maintain balance."
      ],
      "tags": [
        "shoulders"
      ],
      "gifUrl": ""
    },
    {
      "id": "53",
      "name": "Hanging Leg Raises",
      "category": "Strength",
      "bodyPart": "Core",
      "target": "Hip Flexors",
      "equipment": "Pull-up Bar",
      "difficulty": "Advanced",
      "estimatedCaloriesPerMinute": 3.5,
      "instructions": [
        "Hang from bar with straight arms. 2. Raise legs to horizontal. 3. Lower with control. 4. Avoid swinging."
      ],
      "tags": [
        "core"
      ],
      "gifUrl": ""
    },
    {
      "id": "56",
      "name": "Hip Thrusts",
      "category": "Strength",
      "bodyPart": "Legs",
      "target": "Glutes",
      "equipment": "Barbell",
      "difficulty": "Intermediate",
      "estimatedCaloriesPerMinute": 6.13,
      "instructions": [
        "Sit with upper back on bench. 2. Place barbell over hips. 3. Drive hips up to full extension. 4. Lower with control."
      ],
      "tags": [
        "glutes"
      ],
      "gifUrl": ""
    },
    {
      "id": "58",
      "name": "Incline Bench Press",
      "category": "Strength",
      "bodyPart": "Chest",
      "target": "Pectorals",
      "equipment": "Barbell",
      "difficulty": "Intermediate",
      "estimatedCaloriesPerMinute": 6.13,
      "instructions": [
        "Lie on incline bench. 2. Grip barbell slightly wider than shoulders. 3. Lower to upper chest. 4. Press up to extension."
      ],
      "tags": [
        "chest"
      ],
      "gifUrl": ""
    },
    {
      "id": "59",
      "name": "Incline Dumbbell Curl",
      "category": "Strength",
      "bodyPart": "Arms",
      "target": "Biceps",
      "equipment": "Dumbbells",
      "difficulty": "Intermediate",
      "estimatedCaloriesPerMinute": 6.13,
      "instructions": [
        "Sit on incline bench with arms hanging. 2. Curl dumbbells up. 3. Squeeze biceps at top. 4. Lower to full extension."
      ],
      "tags": [
        "biceps"
      ],
      "gifUrl": ""
    },
    {
      "id": "61",
      "name": "Inverted Rows",
      "category": "Strength",
      "bodyPart": "Back",
      "target": "Latissimus Dorsi",
      "equipment": "Bar",
      "difficulty": "Intermediate",
      "estimatedCaloriesPerMinute": 6.13,
      "instructions": [
        "Hang under bar with body straight. 2. Pull chest to bar. 3. Keep body rigid. 4. Lower with control."
      ],
      "tags": [
        "back"
      ],
      "gifUrl": ""
    },
    {
      "id": "62",
      "name": "Jackknife Sit-Ups",
      "category": "Strength",
      "bodyPart": "Core",
      "target": "Rectus Abdominis",
      "equipment": "None",
      "difficulty": "Intermediate",
      "estimatedCaloriesPerMinute": 3.5,
      "instructions": [
        "Lie flat with arms overhead. 2. Simultaneously lift legs and torso. 3. Touch hands to feet. 4. Lower with control."
      ],
      "tags": [
        "core"
      ],
      "gifUrl": ""
    },
    {
      "id": "67",
      "name": "Kettlebell Deadlift",
      "category": "Strength",
      "bodyPart": "Legs",
      "target": "Hamstrings",
      "equipment": "Kettlebell",
      "difficulty": "Beginner",
      "estimatedCaloriesPerMinute": 6.13,
      "instructions": [
        "Stand with kettlebell between feet. 2. Hinge at hips to grip handle. 3. Stand up by extending hips. 4. Lower with control."
      ],
      "tags": [
        "legs"
      ],
      "gifUrl": ""
    },
    {
      "id": "70",
      "name": "Knee Push-Ups",
      "category": "Strength",
      "bodyPart": "Chest",
      "target": "Pectorals",
      "equipment": "None",
      "difficulty": "Beginner",
      "estimatedCaloriesPerMinute": 3.5,
      "instructions": [
        "Start in plank on knees. 2. Lower chest to ground. 3. Keep body straight from knees to head. 4. Push back up."
      ],
      "tags": [
        "chest"
      ],
      "gifUrl": ""
    },
    {
      "id": "71",
      "name": "Lat Pulldown",
      "category": "Strength",
      "bodyPart": "Back",
      "target": "Latissimus Dorsi",
      "equipment": "Cable Machine",
      "difficulty": "Beginner",
      "estimatedCaloriesPerMinute": 6.13,
      "instructions": [
        "Sit at machine with thighs secured. 2. Grip bar wider than shoulders. 3. Pull bar down to upper chest. 4. Return with control."
      ],
      "tags": [
        "back"
      ],
      "gifUrl": ""
    },
    {
      "id": "72",
      "name": "Lateral Raises",
      "category": "Strength",
      "bodyPart": "Shoulders",
      "target": "Lateral Deltoids",
      "equipment": "Dumbbells",
      "difficulty": "Beginner",
      "estimatedCaloriesPerMinute": 6.13,
      "instructions": [
        "Hold dumbbells at sides. 2. Raise arms out to sides to shoulder height. 3. Keep slight bend in elbows. 4. Lower with control."
      ],
      "tags": [
        "shoulders"
      ],
      "gifUrl": ""
    },
    {
      "id": "73",
      "name": "Leg Curls",
      "category": "Strength",
      "bodyPart": "Legs",
      "target": "Hamstrings",
      "equipment": "Machine",
      "difficulty": "Beginner",
      "estimatedCaloriesPerMinute": 6.13,
      "instructions": [
        "Lie face down on machine. 2. Place ankles under pad. 3. Curl legs toward glutes. 4. Lower with control."
      ],
      "tags": [
        "hamstrings"
      ],
      "gifUrl": ""
    },
    {
      "id": "74",
      "name": "Leg Extensions",
      "category": "Strength",
      "bodyPart": "Legs",
      "target": "Quadriceps",
      "equipment": "Machine",
      "difficulty": "Beginner",
      "estimatedCaloriesPerMinute": 6.13,
      "instructions": [
        "Sit at machine with back against pad. 2. Place ankles under pad. 3. Extend legs to straight. 4. Lower with control."
      ],
      "tags": [
        "quadriceps"
      ],
      "gifUrl": ""
    },
    {
      "id": "75",
      "name": "Leg Press",
      "category": "Strength",
      "bodyPart": "Legs",
      "target": "Quadriceps",
      "equipment": "Machine",
      "difficulty": "Beginner",
      "estimatedCaloriesPerMinute": 6.13,
      "instructions": [
        "Sit with feet on platform. 2. Release safety. 3. Lower platform by bending knees. 4. Push back to extension."
      ],
      "tags": [
        "legs"
      ],
      "gifUrl": ""
    },
    {
      "id": "76",
      "name": "Leg Raises",
      "category": "Strength",
      "bodyPart": "Core",
      "target": "Hip Flexors",
      "equipment": "None",
      "difficulty": "Beginner",
      "estimatedCaloriesPerMinute": 3.5,
      "instructions": [
        "Lie on back with legs straight. 2. Raise legs to 90 degrees. 3. Keep lower back pressed down. 4. Lower with control."
      ],
      "tags": [
        "core"
      ],
      "gifUrl": ""
    },
    {
      "id": "77",
      "name": "Lunges",
      "category": "Strength",
      "bodyPart": "Legs",
      "target": "Quadriceps",
      "equipment": "None",
      "difficulty": "Beginner",
      "estimatedCaloriesPerMinute": 3.5,
      "instructions": [
        "Stand tall. 2. Step forward into lunge. 3. Lower back knee toward ground. 4. Push back to start."
      ],
      "tags": [
        "legs"
      ],
      "gifUrl": ""
    },
    {
      "id": "80",
      "name": "Nordic Curls",
      "category": "Strength",
      "bodyPart": "Legs",
      "target": "Hamstrings",
      "equipment": "None",
      "difficulty": "Advanced",
      "estimatedCaloriesPerMinute": 6.13,
      "instructions": [
        "Kneel with ankles secured. 2. Slowly lower torso forward. 3. Control descent with hamstrings. 4. Push back up."
      ],
      "tags": [
        "hamstrings"
      ],
      "gifUrl": ""
    },
    {
      "id": "81",
      "name": "Oblique Crunches",
      "category": "Strength",
      "bodyPart": "Core",
      "target": "Obliques",
      "equipment": "None",
      "difficulty": "Beginner",
      "estimatedCaloriesPerMinute": 3.5,
      "instructions": [
        "Lie on back with knees bent. 2. Crunch up and toward one side. 3. Squeeze oblique. 4. Alternate sides."
      ],
      "tags": [
        "core"
      ],
      "gifUrl": ""
    },
    {
      "id": "82",
      "name": "Overhead Press",
      "category": "Strength",
      "bodyPart": "Shoulders",
      "target": "Deltoids",
      "equipment": "Barbell",
      "difficulty": "Intermediate",
      "estimatedCaloriesPerMinute": 6.13,
      "instructions": [
        "Stand with barbell at shoulders. 2. Press bar overhead to full extension. 3. Keep core tight. 4. Lower to shoulders."
      ],
      "tags": [
        "shoulders"
      ],
      "gifUrl": ""
    },
    {
      "id": "83",
      "name": "Overhead Squat",
      "category": "Strength",
      "bodyPart": "Legs",
      "target": "Quadriceps",
      "equipment": "Barbell",
      "difficulty": "Advanced",
      "estimatedCaloriesPerMinute": 6.13,
      "instructions": [
        "Hold barbell overhead with wide grip. 2. Squat down keeping bar over midfoot. 3. Maintain upright torso. 4. Stand back up."
      ],
      "tags": [
        "legs"
      ],
      "gifUrl": ""
    },
    {
      "id": "84",
      "name": "Plank",
      "category": "Strength",
      "bodyPart": "Core",
      "target": "Rectus Abdominis",
      "equipment": "None",
      "difficulty": "Beginner",
      "estimatedCaloriesPerMinute": 3.5,
      "instructions": [
        "Start in forearm position. 2. Keep body straight from head to heels. 3. Engage core. 4. Hold position."
      ],
      "tags": [
        "core"
      ],
      "gifUrl": ""
    },
    {
      "id": "85",
      "name": "Power Cleans",
      "category": "Strength",
      "bodyPart": "Full Body",
      "target": "Full Body",
      "equipment": "Barbell",
      "difficulty": "Advanced",
      "estimatedCaloriesPerMinute": 6.13,
      "instructions": [
        "Deadlift barbell to knees. 2. Explosively pull bar up. 3. Drop under and catch at shoulders. 4. Stand to complete."
      ],
      "tags": [
        "full-body"
      ],
      "gifUrl": ""
    },
    {
      "id": "86",
      "name": "Preacher Curls",
      "category": "Strength",
      "bodyPart": "Arms",
      "target": "Biceps",
      "equipment": "Barbell",
      "difficulty": "Intermediate",
      "estimatedCaloriesPerMinute": 6.13,
      "instructions": [
        "Rest arms on preacher bench. 2. Grip barbell with underhand grip. 3. Curl up to shoulders. 4. Lower to full extension."
      ],
      "tags": [
        "biceps"
      ],
      "gifUrl": ""
    },
    {
      "id": "87",
      "name": "Pull-Ups",
      "category": "Strength",
      "bodyPart": "Back",
      "target": "Latissimus Dorsi",
      "equipment": "Pull-up Bar",
      "difficulty": "Intermediate",
      "estimatedCaloriesPerMinute": 8.75,
      "instructions": [
        "Hang from bar with overhand grip. 2. Pull body up until chin over bar. 3. Lower with control. 4. Repeat."
      ],
      "tags": [
        "back"
      ],
      "gifUrl": ""
    },
    {
      "id": "88",
      "name": "Push-Ups",
      "category": "Strength",
      "bodyPart": "Chest",
      "target": "Pectorals",
      "equipment": "None",
      "difficulty": "Beginner",
      "estimatedCaloriesPerMinute": 3.5,
      "instructions": [
        "Start in plank position. 2. Lower chest to ground. 3. Keep body straight. 4. Push back up to start."
      ],
      "tags": [
        "chest"
      ],
      "gifUrl": ""
    },
    {
      "id": "89",
      "name": "Quadruped Hip Extensions",
      "category": "Strength",
      "bodyPart": "Legs",
      "target": "Glutes",
      "equipment": "None",
      "difficulty": "Beginner",
      "estimatedCaloriesPerMinute": 3.5,
      "instructions": [
        "Start on hands and knees. 2. Extend one leg back and up. 3. Squeeze glute at top. 4. Lower and repeat."
      ],
      "tags": [
        "glutes"
      ],
      "gifUrl": ""
    },
    {
      "id": "91",
      "name": "Reverse Crunches",
      "category": "Strength",
      "bodyPart": "Core",
      "target": "Rectus Abdominis",
      "equipment": "None",
      "difficulty": "Beginner",
      "estimatedCaloriesPerMinute": 3.5,
      "instructions": [
        "Lie on back with knees bent. 2. Lift hips off ground toward chest. 3. Keep knees bent throughout. 4. Lower with control."
      ],
      "tags": [
        "core"
      ],
      "gifUrl": ""
    },
    {
      "id": "92",
      "name": "Reverse Flyes",
      "category": "Strength",
      "bodyPart": "Shoulders",
      "target": "Rear Deltoids",
      "equipment": "Dumbbells",
      "difficulty": "Intermediate",
      "estimatedCaloriesPerMinute": 6.13,
      "instructions": [
        "Bend forward at hips. 2. Hold dumbbells hanging down. 3. Raise arms out to sides. 4. Lower with control."
      ],
      "tags": [
        "shoulders"
      ],
      "gifUrl": ""
    },
    {
      "id": "93",
      "name": "Reverse Lunges",
      "category": "Strength",
      "bodyPart": "Legs",
      "target": "Quadriceps",
      "equipment": "None",
      "difficulty": "Beginner",
      "estimatedCaloriesPerMinute": 3.5,
      "instructions": [
        "Stand tall. 2. Step back into lunge. 3. Lower back knee toward ground. 4. Push back to start."
      ],
      "tags": [
        "legs"
      ],
      "gifUrl": ""
    },
    {
      "id": "94",
      "name": "Romanian Deadlift",
      "category": "Strength",
      "bodyPart": "Legs",
      "target": "Hamstrings",
      "equipment": "Barbell",
      "difficulty": "Intermediate",
      "estimatedCaloriesPerMinute": 6.13,
      "instructions": [
        "Hold barbell at hips. 2. Hinge forward keeping legs mostly straight. 3. Lower bar to shins. 4. Return to standing."
      ],
      "tags": [
        "hamstrings"
      ],
      "gifUrl": ""
    },
    {
      "id": "95",
      "name": "Rope Climbing",
      "category": "Strength",
      "bodyPart": "Full Body",
      "target": "Latissimus Dorsi",
      "equipment": "Rope",
      "difficulty": "Advanced",
      "estimatedCaloriesPerMinute": 8.75,
      "instructions": [
        "Grip rope with both hands. 2. Use legs to clamp rope. 3. Pull body up hand over hand. 4. Climb to desired height."
      ],
      "tags": [
        "back"
      ],
      "gifUrl": ""
    },
    {
      "id": "99",
      "name": "Russian Twists",
      "category": "Strength",
      "bodyPart": "Core",
      "target": "Obliques",
      "equipment": "None",
      "difficulty": "Beginner",
      "estimatedCaloriesPerMinute": 3.5,
      "instructions": [
        "Sit with knees bent, feet off ground. 2. Lean back slightly. 3. Rotate torso side to side. 4. Touch ground beside hips."
      ],
      "tags": [
        "core"
      ],
      "gifUrl": ""
    },
    {
      "id": "101",
      "name": "Shoulder Shrugs",
      "category": "Strength",
      "bodyPart": "Shoulders",
      "target": "Trapezius",
      "equipment": "Dumbbells",
      "difficulty": "Beginner",
      "estimatedCaloriesPerMinute": 6.13,
      "instructions": [
        "Hold dumbbells at sides. 2. Raise shoulders toward ears. 3. Hold briefly at top. 4. Lower with control."
      ],
      "tags": [
        "shoulders"
      ],
      "gifUrl": ""
    },
    {
      "id": "102",
      "name": "Side Plank",
      "category": "Strength",
      "bodyPart": "Core",
      "target": "Obliques",
      "equipment": "None",
      "difficulty": "Intermediate",
      "estimatedCaloriesPerMinute": 3.5,
      "instructions": [
        "Lie on side with elbow under shoulder. 2. Lift hips off ground. 3. Keep body straight. 4. Hold position."
      ],
      "tags": [
        "core"
      ],
      "gifUrl": ""
    },
    {
      "id": "103",
      "name": "Single-Leg Deadlift",
      "category": "Strength",
      "bodyPart": "Legs",
      "target": "Hamstrings",
      "equipment": "Dumbbell",
      "difficulty": "Intermediate",
      "estimatedCaloriesPerMinute": 6.13,
      "instructions": [
        "Stand on one leg holding dumbbell. 2. Hinge forward extending free leg back. 3. Keep back flat. 4. Return to standing."
      ],
      "tags": [
        "legs"
      ],
      "gifUrl": ""
    },
    {
      "id": "104",
      "name": "Sit-Ups",
      "category": "Strength",
      "bodyPart": "Core",
      "target": "Rectus Abdominis",
      "equipment": "None",
      "difficulty": "Beginner",
      "estimatedCaloriesPerMinute": 3.5,
      "instructions": [
        "Lie on back with knees bent. 2. Place hands behind head. 3. Curl up to sitting position. 4. Lower with control."
      ],
      "tags": [
        "core"
      ],
      "gifUrl": ""
    },
    {
      "id": "107",
      "name": "Skull Crushers",
      "category": "Strength",
      "bodyPart": "Arms",
      "target": "Triceps",
      "equipment": "Barbell",
      "difficulty": "Intermediate",
      "estimatedCaloriesPerMinute": 6.13,
      "instructions": [
        "Lie on bench holding barbell. 2. Lower bar to forehead by bending elbows. 3. Keep upper arms stationary. 4. Extend back up."
      ],
      "tags": [
        "triceps"
      ],
      "gifUrl": ""
    },
    {
      "id": "108",
      "name": "Sled Push",
      "category": "Strength",
      "bodyPart": "Legs",
      "target": "Quadriceps",
      "equipment": "Sled",
      "difficulty": "Advanced",
      "estimatedCaloriesPerMinute": 8.75,
      "instructions": [
        "Grip sled handles. 2. Lean forward with arms extended. 3. Drive legs powerfully. 4. Push sled forward."
      ],
      "tags": [
        "legs"
      ],
      "gifUrl": ""
    },
    {
      "id": "111",
      "name": "Split Squats",
      "category": "Strength",
      "bodyPart": "Legs",
      "target": "Quadriceps",
      "equipment": "None",
      "difficulty": "Intermediate",
      "estimatedCaloriesPerMinute": 3.5,
      "instructions": [
        "Stand in split stance. 2. Lower back knee toward ground. 3. Keep front knee behind toes. 4. Push back up."
      ],
      "tags": [
        "legs"
      ],
      "gifUrl": ""
    },
    {
      "id": "115",
      "name": "Standing Calf Raises",
      "category": "Strength",
      "bodyPart": "Legs",
      "target": "Calves",
      "equipment": "Machine",
      "difficulty": "Beginner",
      "estimatedCaloriesPerMinute": 6.13,
      "instructions": [
        "Stand under shoulder pads. 2. Rise up on toes maximally. 3. Hold briefly. 4. Lower slowly."
      ],
      "tags": [
        "calves"
      ],
      "gifUrl": ""
    },
    {
      "id": "116",
      "name": "Step-Ups",
      "category": "Strength",
      "bodyPart": "Legs",
      "target": "Quadriceps",
      "equipment": "Bench",
      "difficulty": "Beginner",
      "estimatedCaloriesPerMinute": 6.13,
      "instructions": [
        "Place one foot on bench. 2. Push through heel to step up. 3. Bring other foot to bench. 4. Step down and repeat."
      ],
      "tags": [
        "legs"
      ],
      "gifUrl": ""
    },
    {
      "id": "117",
      "name": "Sumo Deadlift",
      "category": "Strength",
      "bodyPart": "Legs",
      "target": "Adductors",
      "equipment": "Barbell",
      "difficulty": "Intermediate",
      "estimatedCaloriesPerMinute": 6.13,
      "instructions": [
        "Stand with wide stance. 2. Grip bar with hands inside legs. 3. Lift by extending hips. 4. Lower with control."
      ],
      "tags": [
        "legs"
      ],
      "gifUrl": ""
    },
    {
      "id": "118",
      "name": "Sumo Squats",
      "category": "Strength",
      "bodyPart": "Legs",
      "target": "Adductors",
      "equipment": "None",
      "difficulty": "Beginner",
      "estimatedCaloriesPerMinute": 3.5,
      "instructions": [
        "Stand with wide stance, toes out. 2. Lower hips keeping knees over toes. 3. Keep torso upright. 4. Rise back up."
      ],
      "tags": [
        "legs"
      ],
      "gifUrl": ""
    },
    {
      "id": "119",
      "name": "Superman Exercise",
      "category": "Strength",
      "bodyPart": "Back",
      "target": "Erector Spinae",
      "equipment": "None",
      "difficulty": "Beginner",
      "estimatedCaloriesPerMinute": 3.5,
      "instructions": [
        "Lie face down with arms extended. 2. Lift arms and legs off ground. 3. Hold position. 4. Lower with control."
      ],
      "tags": [
        "back"
      ],
      "gifUrl": ""
    },
    {
      "id": "122",
      "name": "T-Bar Rows",
      "category": "Strength",
      "bodyPart": "Back",
      "target": "Latissimus Dorsi",
      "equipment": "Barbell",
      "difficulty": "Intermediate",
      "estimatedCaloriesPerMinute": 6.13,
      "instructions": [
        "Straddle barbell with chest supported. 2. Grip handles. 3. Pull bar to chest. 4. Lower with control."
      ],
      "tags": [
        "back"
      ],
      "gifUrl": ""
    },
    {
      "id": "124",
      "name": "Thruster",
      "category": "Strength",
      "bodyPart": "Full Body",
      "target": "Full Body",
      "equipment": "Barbell",
      "difficulty": "Advanced",
      "estimatedCaloriesPerMinute": 8.75,
      "instructions": [
        "Hold barbell at shoulders. 2. Squat down. 3. Drive up and press bar overhead. 4. Lower to shoulders."
      ],
      "tags": [
        "full-body"
      ],
      "gifUrl": ""
    },
    {
      "id": "126",
      "name": "Tricep Dips",
      "category": "Strength",
      "bodyPart": "Arms",
      "target": "Triceps",
      "equipment": "Parallel Bars",
      "difficulty": "Intermediate",
      "estimatedCaloriesPerMinute": 3.5,
      "instructions": [
        "Grip parallel bars. 2. Lower body by bending elbows. 3. Keep elbows back. 4. Push back up."
      ],
      "tags": [
        "triceps"
      ],
      "gifUrl": ""
    },
    {
      "id": "127",
      "name": "Turkish Get-Up",
      "category": "Strength",
      "bodyPart": "Full Body",
      "target": "Full Body",
      "equipment": "Kettlebell",
      "difficulty": "Advanced",
      "estimatedCaloriesPerMinute": 6.13,
      "instructions": [
        "Lie with kettlebell overhead. 2. Stand up while keeping bell overhead. 3. Reverse motion to lie back down. 4. Maintain control throughout."
      ],
      "tags": [
        "full-body"
      ],
      "gifUrl": ""
    },
    {
      "id": "128",
      "name": "Upright Rows",
      "category": "Strength",
      "bodyPart": "Shoulders",
      "target": "Deltoids",
      "equipment": "Barbell",
      "difficulty": "Intermediate",
      "estimatedCaloriesPerMinute": 6.13,
      "instructions": [
        "Hold barbell at thighs. 2. Pull bar up to chin level. 3. Keep elbows high. 4. Lower with control."
      ],
      "tags": [
        "shoulders"
      ],
      "gifUrl": ""
    },
    {
      "id": "129",
      "name": "V-Ups",
      "category": "Strength",
      "bodyPart": "Core",
      "target": "Rectus Abdominis",
      "equipment": "None",
      "difficulty": "Advanced",
      "estimatedCaloriesPerMinute": 3.5,
      "instructions": [
        "Lie flat with arms overhead. 2. Simultaneously lift legs and torso forming V. 3. Touch hands to feet. 4. Lower with control."
      ],
      "tags": [
        "core"
      ],
      "gifUrl": ""
    },
    {
      "id": "134",
      "name": "Wall Sit",
      "category": "Strength",
      "bodyPart": "Legs",
      "target": "Quadriceps",
      "equipment": "None",
      "difficulty": "Beginner",
      "estimatedCaloriesPerMinute": 3.5,
      "instructions": [
        "Lean back against wall. 2. Lower into seated position. 3. Keep knees at 90 degrees. 4. Hold position."
      ],
      "tags": [
        "legs"
      ],
      "gifUrl": ""
    },
    {
      "id": "136",
      "name": "Weighted Crunches",
      "category": "Strength",
      "bodyPart": "Core",
      "target": "Rectus Abdominis",
      "equipment": "Weight Plate",
      "difficulty": "Intermediate",
      "estimatedCaloriesPerMinute": 3.5,
      "instructions": [
        "Lie on back holding weight on chest. 2. Crunch up keeping weight secure. 3. Squeeze abs at top. 4. Lower with control."
      ],
      "tags": [
        "core"
      ],
      "gifUrl": ""
    },
    {
      "id": "137",
      "name": "Wide-Grip Pull-Ups",
      "category": "Strength",
      "bodyPart": "Back",
      "target": "Latissimus Dorsi",
      "equipment": "Pull-up Bar",
      "difficulty": "Advanced",
      "estimatedCaloriesPerMinute": 8.75,
      "instructions": [
        "Hang from bar with wide overhand grip. 2. Pull body up to bar. 3. Focus on lat engagement. 4. Lower with control."
      ],
      "tags": [
        "back"
      ],
      "gifUrl": ""
    },
    {
      "id": "138",
      "name": "Wood Choppers",
      "category": "Strength",
      "bodyPart": "Core",
      "target": "Obliques",
      "equipment": "Cable Machine",
      "difficulty": "Intermediate",
      "estimatedCaloriesPerMinute": 6.13,
      "instructions": [
        "Stand sideways to cable machine. 2. Pull cable from high to low across body. 3. Rotate torso. 4. Control return."
      ],
      "tags": [
        "core"
      ],
      "gifUrl": ""
    },
    {
      "id": "139",
      "name": "Wrist Curls",
      "category": "Strength",
      "bodyPart": "Arms",
      "target": "Forearms",
      "equipment": "Dumbbells",
      "difficulty": "Beginner",
      "estimatedCaloriesPerMinute": 6.13,
      "instructions": [
        "Rest forearms on bench with wrists hanging. 2. Curl weights up using wrists. 3. Squeeze forearms. 4. Lower with control."
      ],
      "tags": [
        "forearms"
      ],
      "gifUrl": ""
    }
  ],
  "metadata": {
    "total_cardio": 52,
    "total_strength": 90,
    "total_exercises": 142,
    "processed_at": "unknown"
  }
}